timestamp,longitude,latitude,speed,direction
2019-04-01T00:02:09.000Z,121.024183,13.735517000000002,0,31600
2019-04-01T00:08:32.000Z,121.024117,13.735467000000002,0,31900
2019-04-01T00:11:09.000Z,121.024283,13.735433,0,32500
2019-04-01T00:17:09.000Z,121.024267,13.735532999999998,0,1390
2019-04-01T00:27:02.000Z,121.024183,13.735517000000002,0,1790
2019-04-01T00:32:07.000Z,121.02405,13.735567,0,33200
2019-04-01T00:38:08.000Z,121.02435,13.735483,0,7800
2019-04-01T00:44:09.000Z,121.024567,13.7355,0,11900
2019-04-01T00:50:08.000Z,121.024198,13.7355,0,22690
2019-04-01T00:53:08.000Z,121.023883,13.73545,0,23200
2019-04-01T01:01:28.000Z,121.024083,13.7354,0,6200
2019-04-01T01:08:08.000Z,121.023933,13.735517000000002,0,23700
2019-04-01T01:14:09.000Z,121.023933,13.735517000000002,0,1990
2019-04-01T01:20:08.000Z,121.0241,13.735567,0,6900
2019-04-01T01:26:08.000Z,121.024,13.735483,0,23900
2019-04-01T01:32:07.000Z,121.02385,13.73575,0,35860
2019-04-01T01:35:09.000Z,121.02395,13.73585,0,850
2019-04-01T01:36:57.000Z,121.02395,13.73585,0,850
2019-04-01T01:44:09.000Z,121.02385,13.73585,0,30600
2019-04-01T01:53:51.000Z,121.0242,13.735667,0,9400
2019-04-01T01:56:08.000Z,121.024317,13.735732999999998,0,9300
2019-04-01T01:59:09.000Z,121.0243,13.735717,0,9200
2019-04-01T02:05:08.000Z,121.024133,13.73595,0,31300
2019-04-01T02:11:11.000Z,121.023933,13.736083,0,33440
2019-04-01T02:17:08.000Z,121.024033,13.7362,0,3550
2019-04-01T02:29:08.000Z,121.0242,13.7362,0,2300
2019-04-01T02:32:08.000Z,121.024167,13.7363,0,31650
2019-04-01T02:38:08.000Z,121.023883,13.736482999999998,0,29000
2019-04-01T02:41:09.000Z,121.02385,13.736532999999998,0,29200
2019-04-01T02:44:10.000Z,121.02395,13.7366,0,5050
2019-04-01T02:50:09.000Z,121.0242,13.736683,0,3000
2019-04-01T02:56:09.000Z,121.024217,13.73695,0,1340
2019-04-01T03:05:10.000Z,121.024333,13.736883,0,10490
2019-04-01T03:08:09.000Z,121.02415,13.736917000000002,0,6700
2019-04-01T03:17:08.000Z,121.023917,13.736733,0,22250
2019-04-01T03:20:07.000Z,121.023983,13.736683,0,21050
2019-04-01T03:26:08.000Z,121.024,13.73665,0,21700
2019-04-01T03:29:09.000Z,121.024017,13.736733,0,21100
2019-04-01T03:35:07.000Z,121.024183,13.736783,0,5240
2019-04-01T03:41:09.000Z,121.024117,13.736783,0,5100
2019-04-01T03:44:08.000Z,121.024117,13.73685,0,1200
2019-04-01T03:47:08.000Z,121.024117,13.7369,0,1400
2019-04-01T03:53:08.000Z,121.024033,13.736833,0,2100
2019-04-01T04:02:08.000Z,121.023967,13.736583,0,20040
2019-04-01T04:11:11.000Z,121.024183,13.73675,0,3500
2019-04-01T04:17:09.000Z,121.024417,13.737132999999998,0,4200
2019-04-01T04:20:09.000Z,121.024467,13.737167,0,5300
2019-04-01T04:23:08.000Z,121.024583,13.737167,0,7500
2019-04-01T04:26:09.000Z,121.02455,13.737117,0,10150
2019-04-01T04:38:08.000Z,121.024433,13.737217,0,24440
2019-04-01T04:38:09.000Z,121.024433,13.737217,0,24440
2019-04-01T04:47:07.000Z,121.0242,13.737217,0,31390
2019-04-01T04:50:09.000Z,121.02445,13.737333,0,29790
2019-04-01T04:55:16.000Z,121.024583,13.737267,0,13440
2019-04-01T04:56:09.000Z,121.024617,13.737067,0,13840
2019-04-01T05:05:08.000Z,121.024767,13.73725,0,540
2019-04-01T05:05:10.000Z,121.024767,13.73725,0,540
2019-04-01T05:08:09.000Z,121.0246,13.737433,0,2350
2019-04-01T05:17:08.000Z,121.02415,13.73705,0,25290
2019-04-01T05:20:08.000Z,121.0242,13.737,0,25200
2019-04-01T05:29:09.000Z,121.024333,13.737367,0,7540
2019-04-01T05:35:09.000Z,121.024117,13.737032999999998,0,16700
2019-04-01T05:41:08.000Z,121.024,13.737032999999998,0,24100
2019-04-01T05:47:09.000Z,121.024333,13.7371,0,22000
2019-04-01T05:53:09.000Z,121.0244,13.7372,0,4300
2019-04-01T06:02:56.000Z,121.024083,13.737132999999998,0,1900
2019-04-01T06:05:08.000Z,121.023833,13.736833,0,21910
2019-04-01T06:08:10.000Z,121.023883,13.736717,0,21490
2019-04-01T06:11:09.000Z,121.0239,13.736633,0,20290
2019-04-01T06:17:09.000Z,121.024117,13.73685,0,19200
2019-04-01T06:20:08.000Z,121.0242,13.737,0,3450
2019-04-01T06:23:08.000Z,121.024317,13.73715,0,2600
2019-04-01T06:29:09.000Z,121.024433,13.737132999999998,0,3700
2019-04-01T06:35:09.000Z,121.0243,13.737117,0,5700
2019-04-01T06:41:07.000Z,121.023967,13.73695,0,24900
2019-04-01T06:47:10.000Z,121.024267,13.7369,0,19740
2019-04-01T06:56:12.000Z,121.024083,13.736933,0,27540
2019-04-01T06:59:09.000Z,121.02405,13.73705,0,11700
2019-04-01T07:05:07.000Z,121.024117,13.73685,0,12400
2019-04-01T07:08:09.000Z,121.024183,13.7368,0,12300
2019-04-01T07:14:10.000Z,121.024083,13.736783,0,12100
2019-04-01T07:17:10.000Z,121.024017,13.736783,0,25390
2019-04-01T07:23:07.000Z,121.023967,13.736867000000002,0,29400
2019-04-01T07:26:10.000Z,121.023983,13.736817000000002,0,29200
2019-04-01T07:39:34.000Z,121.023983,13.736633,0,19500
2019-04-01T07:41:09.000Z,121.023983,13.73665,0,19300
2019-04-01T07:54:43.000Z,121.024017,13.736667,0,18600
2019-04-01T07:59:09.000Z,121.02405,13.736667,0,19000
2019-04-01T08:05:11.000Z,121.023933,13.73625,0,23960
2019-04-01T08:11:09.000Z,121.023633,13.736083,0,16610
2019-04-01T08:20:07.000Z,121.023967,13.7361,0,23440
2019-04-01T08:23:16.000Z,121.023733,13.7361,0,25800
2019-04-01T08:29:08.000Z,121.023733,13.735667,0,15840
2019-04-01T08:32:07.000Z,121.023902,13.735467000000002,0,16210
2019-04-01T08:41:11.000Z,121.024217,13.73565,0,6400
2019-04-01T09:02:14.000Z,121.024067,13.735632999999998,0,18550
2019-04-01T09:14:10.000Z,121.023967,13.7357,0,3440
2019-04-01T09:18:14.000Z,121.024033,13.735732999999998,0,6100
2019-04-01T09:23:08.000Z,121.023933,13.73575,0,6000
2019-04-01T09:36:34.000Z,121.023917,13.735933,0,34000
2019-04-01T09:41:10.000Z,121.023817,13.735933,0,29800
2019-04-01T09:50:10.000Z,121.023917,13.735833,0,30900
2019-04-01T09:56:09.000Z,121.024,13.735767,0,30800
2019-04-01T10:05:09.000Z,121.023883,13.735883,0,15800
2019-04-01T10:08:09.000Z,121.023867,13.7359,0,16200
2019-04-01T10:11:08.000Z,121.02395,13.735867,0,16700
2019-04-01T10:15:19.000Z,121.024067,13.735883,0,7800
2019-04-01T10:20:09.000Z,121.024033,13.735817,0,7900
2019-04-01T10:26:09.000Z,121.024017,13.735732999999998,0,17000
2019-04-01T10:32:08.000Z,121.0241,13.73575,0,16300
2019-04-01T10:37:53.000Z,121.024167,13.735767,0,16100
2019-04-01T10:54:38.000Z,121.023967,13.7358,0,19490
2019-04-01T11:05:10.000Z,121.024017,13.7358,0,15900
2019-04-01T11:17:40.000Z,121.023933,13.735833,0,7200
2019-04-01T11:30:13.000Z,121.02405,13.735732999999998,0,7900
2019-04-01T11:33:24.000Z,121.02405,13.735732999999998,0,7900
2019-04-01T11:45:13.000Z,121.024067,13.735767,0,16100
2019-04-01T11:50:22.000Z,121.0241,13.735767,0,15900
2019-04-01T11:57:15.000Z,121.024033,13.735767,0,19790
2019-04-01T12:00:13.000Z,121.023983,13.735767,0,6100
2019-04-01T12:07:30.000Z,121.02395,13.7358,0,6000
2019-04-01T12:27:41.000Z,121.024067,13.73575,0,6900
2019-04-01T12:33:14.000Z,121.0241,13.735767,0,6400
2019-04-01T12:42:15.000Z,121.024083,13.735782999999998,0,5900
2019-04-01T12:44:18.000Z,121.024083,13.735782999999998,0,5900
2019-04-01T12:54:14.000Z,121.024267,13.735767,0,18790
2019-04-01T13:06:13.000Z,121.0242,13.73565,0,17390
2019-04-01T13:09:15.000Z,121.024233,13.735632999999998,0,17390
2019-04-01T13:15:12.000Z,121.024183,13.73565,0,17190
2019-04-01T13:21:15.000Z,121.02415,13.735632999999998,0,16990
2019-04-01T13:30:12.000Z,121.024017,13.735732999999998,0,17490
2019-04-01T13:33:14.000Z,121.023983,13.735817,0,31200
2019-04-01T13:36:14.000Z,121.02395,13.735833,0,31900
2019-04-01T13:42:14.000Z,121.023983,13.735833,0,33000
2019-04-01T13:58:11.000Z,121.024167,13.735717,0,33700
2019-04-01T14:00:16.000Z,121.02405,13.735567,0,17250
2019-04-01T14:06:14.000Z,121.02395,13.735567,0,18390
2019-04-01T14:12:14.000Z,121.024017,13.7356,0,18990
2019-04-01T14:18:15.000Z,121.024167,13.73545,0,6300
2019-04-01T14:33:13.000Z,121.0241,13.7355,0,12500
2019-04-01T14:54:15.000Z,121.02395,13.735582999999998,0,7000
2019-04-01T15:00:15.000Z,121.024033,13.73545,0,34000
2019-04-01T15:09:13.000Z,121.023933,13.735632999999998,0,14400
2019-04-01T15:11:36.000Z,121.023933,13.735632999999998,0,14400
2019-04-01T15:24:15.000Z,121.02395,13.7354,0,35200
2019-04-01T15:30:15.000Z,121.024017,13.735467000000002,0,12940
2019-04-01T15:32:13.000Z,121.024017,13.735467000000002,0,12940
2019-04-01T15:39:14.000Z,121.0238,13.7358,0,30750
2019-04-01T15:42:14.000Z,121.02375,13.73585,0,35350
2019-04-01T15:51:14.000Z,121.023817,13.735667,0,35500
2019-04-01T15:54:14.000Z,121.023817,13.735667,0,35400
2019-04-01T16:05:49.000Z,121.023717,13.73585,0,30940
2019-04-01T16:09:13.000Z,121.023783,13.735883,0,35200
2019-04-01T16:21:14.000Z,121.0239,13.735567,0,13440
2019-04-01T16:22:32.000Z,121.023783,13.7355,0,17200
2019-04-01T16:27:15.000Z,121.023767,13.735817,0,30240
2019-04-01T16:30:12.000Z,121.02375,13.735867,0,33800
2019-04-01T16:36:15.000Z,121.0238,13.735817,0,35400
2019-04-01T16:39:12.000Z,121.023817,13.735667,0,500
2019-04-01T16:42:13.000Z,121.023833,13.735483,0,18800
2019-04-01T16:45:13.000Z,121.023867,13.7355,0,15850
2019-04-01T16:48:14.000Z,121.023967,13.735617,0,16400
2019-04-01T16:54:15.000Z,121.023733,13.7359,0,30340
2019-04-01T16:57:18.000Z,121.023733,13.7359,0,30340
2019-04-01T17:03:13.000Z,121.02395,13.735933,0,35700
2019-04-01T17:15:12.000Z,121.023883,13.735817,0,12500
2019-04-01T17:18:13.000Z,121.02395,13.735883,0,11800
2019-04-01T17:24:13.000Z,121.023833,13.735933,0,11400
2019-04-01T17:27:14.000Z,121.023817,13.735917,0,11600
2019-04-01T17:36:19.000Z,121.023817,13.736,0,1550
2019-04-01T17:42:16.000Z,121.02385,13.73595,0,35400
2019-04-01T17:48:13.000Z,121.0238,13.735867,0,3790
2019-04-01T17:51:14.000Z,121.0239,13.735917,0,3590
2019-04-01T17:57:14.000Z,121.02385,13.73595,0,7400
2019-04-01T18:06:13.000Z,121.02385,13.735883,0,3490
2019-04-01T18:12:13.000Z,121.02405,13.735817,0,17100
2019-04-01T18:18:14.000Z,121.023817,13.7358,0,20290
2019-04-01T18:24:13.000Z,121.023817,13.735933,0,650
2019-04-01T18:30:59.000Z,121.02395,13.73595,0,2990
2019-04-01T18:36:14.000Z,121.024033,13.735983,0,3190
2019-04-01T18:42:14.000Z,121.023867,13.73595,0,3090
2019-04-01T18:46:48.000Z,121.023867,13.735967,0,7800
2019-04-01T18:48:14.000Z,121.023933,13.735917,0,3590
2019-04-01T18:54:13.000Z,121.02395,13.73595,0,3290
2019-04-01T19:02:09.000Z,121.023883,13.735983,0,3190
2019-04-01T19:06:14.000Z,121.0238,13.735983,0,3390
2019-04-01T19:17:31.000Z,121.023933,13.735967,0,4090
2019-04-01T19:18:13.000Z,121.023883,13.73595,0,3990
2019-04-01T19:24:13.000Z,121.023917,13.7358,0,4090
2019-04-01T19:30:13.000Z,121.024033,13.735682999999998,0,17000
2019-04-01T19:36:09.000Z,121.024033,13.735667,0,16300
2019-04-01T19:36:13.000Z,121.023967,13.735682999999998,0,15400
2019-04-01T19:42:13.000Z,121.024017,13.735682999999998,0,14900
2019-04-01T19:48:12.000Z,121.024133,13.73565,0,15000
2019-04-01T19:51:34.000Z,121.024133,13.73565,0,15000
2019-04-01T19:57:14.000Z,121.024233,13.735467000000002,0,13800
2019-04-01T20:03:12.000Z,121.0242,13.7355,0,12600
2019-04-01T20:12:14.000Z,121.024183,13.735517000000002,0,3700
2019-04-01T20:22:25.000Z,121.02425,13.73535,0,3300
2019-04-01T20:27:13.000Z,121.0242,13.735483,0,3300
2019-04-01T20:30:14.000Z,121.024217,13.7355,0,3600
2019-04-01T20:38:20.000Z,121.0242,13.735517000000002,0,30900
2019-04-01T20:42:12.000Z,121.024233,13.735483,0,4000
2019-04-01T20:53:54.000Z,121.02425,13.735483,0,30400
2019-04-01T20:54:14.000Z,121.024233,13.735467000000002,0,30200
2019-04-01T21:00:13.000Z,121.024183,13.735483,0,30500
2019-04-01T21:06:12.000Z,121.024233,13.735617,0,31100
2019-04-01T21:15:14.000Z,121.02405,13.73565,0,31700
2019-04-01T21:31:17.000Z,121.02405,13.735732999999998,0,5300
2019-04-01T21:36:14.000Z,121.023983,13.735667,0,32600
2019-04-01T21:46:21.000Z,121.024083,13.735667,0,32500
2019-04-01T21:51:12.000Z,121.024033,13.735717,0,32200
2019-04-01T22:00:16.000Z,121.02405,13.735632999999998,0,32700
2019-04-01T22:03:13.000Z,121.0241,13.735617,0,5900
2019-04-01T22:08:13.000Z,121.02415,13.73555,0,28600
2019-04-01T22:15:13.000Z,121.024283,13.735467000000002,0,14400
2019-04-01T22:28:31.000Z,121.024333,13.73545,0,4100
2019-04-01T22:36:14.000Z,121.0244,13.735433,0,13100
2019-04-01T22:42:13.000Z,121.0243,13.735417000000002,0,3600
2019-04-01T22:49:58.000Z,121.024283,13.735433,0,12800
2019-04-01T22:57:14.000Z,121.0243,13.735483,0,4100
2019-04-01T23:03:14.000Z,121.024217,13.735483,0,13400
2019-04-01T23:09:13.000Z,121.024217,13.73545,0,4700
2019-04-01T23:15:13.000Z,121.024333,13.7355,0,5000
2019-04-01T23:21:12.000Z,121.024383,13.735483,0,5100
2019-04-01T23:27:12.000Z,121.024517,13.735433,0,14200
2019-04-01T23:33:12.000Z,121.024667,13.735467000000002,0,9100
2019-04-01T23:39:14.000Z,121.024767,13.735582999999998,0,13000
2019-04-01T23:45:14.000Z,121.024733,13.735617,0,8500
2019-04-01T23:51:12.000Z,121.024048,13.73565,0,25180
2019-04-01T23:54:15.000Z,121.023733,13.73555,0,29390
2019-04-01T23:57:13.000Z,121.023867,13.735532999999998,0,34450
2019-04-02T00:05:35.000Z,121.024033,13.735617,0,6300
2019-04-02T00:09:13.000Z,121.02375,13.735682999999998,0,26450
2019-04-02T00:12:13.000Z,121.0237,13.735717,0,35050
2019-04-02T00:20:38.000Z,121.024067,13.735682999999998,0,7600
2019-04-02T00:27:14.000Z,121.023767,13.735517000000002,0,21440
2019-04-02T00:36:13.000Z,121.02405,13.73565,0,6100
2019-04-02T00:42:14.000Z,121.024067,13.735532999999998,0,6500
2019-04-02T00:48:12.000Z,121.024083,13.7353,0,14900
2019-04-02T00:48:13.000Z,121.024083,13.7353,0,14900
2019-04-02T00:54:14.000Z,121.024217,13.735417000000002,0,13500
2019-04-02T01:00:13.000Z,121.023933,13.7356,0,28440
2019-04-02T01:06:12.000Z,121.023933,13.735467000000002,0,32700
2019-04-02T01:12:14.000Z,121.024133,13.7355,0,32900
2019-04-02T01:14:26.000Z,121.024133,13.7355,0,32900
2019-04-02T01:18:13.000Z,121.024067,13.735532999999998,0,33300
2019-04-02T01:24:13.000Z,121.023717,13.735682999999998,0,29940
2019-04-02T01:28:07.000Z,121.02375,13.735767,0,250
2019-04-02T01:31:48.000Z,121.024052,13.735617,0,7700
2019-04-02T01:37:27.000Z,121.024283,13.735333,0,16800
2019-04-02T01:43:29.000Z,121.024083,13.735333,0,16350
2019-04-02T01:50:00.000Z,121.023933,13.73565,0,35070
2019-04-02T01:55:28.000Z,121.0239,13.735983,0,32700
2019-04-02T01:58:29.000Z,121.023883,13.736067000000002,0,33400
2019-04-02T02:07:28.000Z,121.023883,13.735817,0,35800
2019-04-02T02:11:30.000Z,121.023983,13.735833,0,35600
2019-04-02T02:19:27.000Z,121.024133,13.735617,0,8700
2019-04-02T02:22:28.000Z,121.024117,13.735567,0,20050
2019-04-02T02:30:01.000Z,121.023967,13.735567,0,15900
2019-04-02T02:37:27.000Z,121.024133,13.73575,0,5800
2019-04-02T02:43:27.000Z,121.024133,13.735833,0,33200
2019-04-02T02:49:26.000Z,121.0242,13.736017000000002,0,35400
2019-04-02T02:55:27.000Z,121.024133,13.736532999999998,1,450
2019-04-02T03:04:27.000Z,121.02455,13.737267,1,4600
2019-04-02T03:07:27.000Z,121.024883,13.73755,1,5500
2019-04-02T03:13:27.000Z,121.025133,13.737633,0,8500
2019-04-02T03:22:27.000Z,121.024917,13.7374,0,16590
2019-04-02T03:22:26.000Z,121.024917,13.7374,0,16590
2019-04-02T03:31:28.000Z,121.02485,13.73745,0,31650
2019-04-02T03:34:28.000Z,121.024967,13.737433,0,28000
2019-04-02T03:40:26.000Z,121.025167,13.73735,0,26900
2019-04-02T03:40:29.000Z,121.025167,13.73735,0,26900
2019-04-02T03:49:27.000Z,121.024867,13.737232999999998,0,10500
2019-04-02T03:58:19.000Z,121.0248,13.737533,0,27400
2019-04-02T04:08:17.000Z,121.02465,13.737132999999998,0,25600
2019-04-02T04:14:17.000Z,121.0246,13.7372,0,27250
2019-04-02T04:20:15.000Z,121.024633,13.737417,0,28190
2019-04-02T04:23:33.000Z,121.024633,13.737467,0,28290
2019-04-02T04:26:17.000Z,121.0248,13.73755,0,5700
2019-04-02T04:29:16.000Z,121.024917,13.73745,0,9450
2019-04-02T04:37:37.000Z,121.024883,13.7372,0,12990
2019-04-02T04:41:17.000Z,121.024683,13.7372,0,13790
2019-04-02T04:47:16.000Z,121.024533,13.7373,0,29250
2019-04-02T04:53:17.000Z,121.0245,13.737433,0,25500
2019-04-02T04:56:17.000Z,121.024583,13.737282999999998,0,18550
2019-04-02T05:02:17.000Z,121.024783,13.737032999999998,0,15500
2019-04-02T05:08:18.000Z,121.024567,13.736867000000002,0,16100
2019-04-02T05:14:16.000Z,121.0245,13.7369,0,24700
2019-04-02T05:23:18.000Z,121.02475,13.7374,0,2640
2019-04-02T05:26:16.000Z,121.024717,13.737417,0,6300
2019-04-02T05:29:17.000Z,121.0247,13.737317,0,10050
2019-04-02T05:35:18.000Z,121.024983,13.737383,0,7800
2019-04-02T05:41:17.000Z,121.02495,13.737282999999998,0,9500
2019-04-02T05:50:19.000Z,121.024967,13.737567000000002,0,6100
2019-04-02T05:56:18.000Z,121.0247,13.737617000000002,0,29200
2019-04-02T06:02:16.000Z,121.024867,13.737517,0,19100
2019-04-02T06:08:16.000Z,121.024717,13.737433,0,28200
2019-04-02T06:14:16.000Z,121.02455,13.737367,0,25950
2019-04-02T06:17:16.000Z,121.024367,13.73735,0,25450
2019-04-02T06:23:19.000Z,121.024283,13.737117,0,25100
2019-04-02T06:32:17.000Z,121.024017,13.737117,0,23500
2019-04-02T06:41:30.000Z,121.024217,13.736967000000002,0,18640
2019-04-02T06:44:17.000Z,121.024283,13.737082999999998,0,11500
2019-04-02T06:50:18.000Z,121.0243,13.737317,0,4440
2019-04-02T06:57:34.000Z,121.0243,13.7372,0,4700
2019-04-02T07:02:17.000Z,121.024317,13.737182999999998,0,14100
2019-04-02T07:08:17.000Z,121.024217,13.737182999999998,0,14600
2019-04-02T07:14:16.000Z,121.024233,13.73705,0,20240
2019-04-02T07:20:17.000Z,121.024383,13.737082999999998,0,21900
2019-04-02T07:26:16.000Z,121.024283,13.737282999999998,0,21100
2019-04-02T07:32:16.000Z,121.024267,13.737217,0,7150
2019-04-02T07:35:17.000Z,121.024283,13.737032999999998,0,14200
2019-04-02T07:44:17.000Z,121.02425,13.736933,0,22600
2019-04-02T07:50:17.000Z,121.024133,13.737232999999998,0,27440
2019-04-02T07:51:37.000Z,121.024133,13.737232999999998,0,27440
2019-04-02T07:56:17.000Z,121.0242,13.737132999999998,0,10140
2019-04-02T08:17:16.000Z,121.024133,13.737032999999998,0,6200
2019-04-02T08:56:17.000Z,121.0243,13.737267,0,3800
2019-04-02T09:26:18.000Z,121.024083,13.737017000000002,0,20100
2019-04-02T09:56:18.000Z,121.024367,13.737082999999998,0,4600
2019-04-02T10:41:17.000Z,121.0243,13.736482999999998,0,17800
2019-04-02T11:25:00.000Z,121.024133,13.736035,0,34100
2019-04-02T11:56:17.000Z,121.0241,13.735983,0,6400
2019-04-02T12:34:23.000Z,121.024417,13.735917,0,5300
2019-04-02T13:05:17.000Z,121.02455,13.7362,0,18740
2019-04-02T13:35:17.000Z,121.023967,13.736083,0,34150
2019-04-02T14:14:17.000Z,121.0243,13.7358,0,11700
2019-04-02T14:50:17.000Z,121.024017,13.736332999999998,0,35500
2019-04-02T15:23:17.000Z,121.023933,13.7363,0,10500
2019-04-02T15:56:17.000Z,121.0242,13.736117000000002,0,7450
2019-04-02T16:29:34.000Z,121.0251,13.736382999999998,0,26000
2019-04-02T16:42:33.000Z,121.02273,13.73645,1,24740
2019-04-02T17:08:23.000Z,121.01908799999998,13.738512,6,1000
2019-04-02T17:24:26.000Z,121.019835,13.750747,7,35670
2019-04-02T17:39:33.000Z,121.021882,13.755917000000002,0,27500
2019-04-02T17:58:45.000Z,121.01875,13.755667,0,26140
2019-04-02T18:18:32.000Z,121.0171,13.755482999999998,0,27050
2019-04-02T18:43:31.000Z,121.015668,13.75455,2,13760
2019-04-02T18:48:57.000Z,121.02038799999998,13.75435,6,9460
2019-04-02T19:03:36.000Z,121.033052,13.75725,5,7370
2019-04-02T19:14:27.000Z,121.04115,13.761582999999998,3,8130
2019-04-02T19:32:47.000Z,121.043583,13.761482999999998,0,6100
2019-04-02T20:13:16.000Z,121.043533,13.761432999999998,0,6300
2019-04-02T20:54:06.000Z,121.043467,13.761517,0,6100
2019-04-02T21:25:46.000Z,121.043517,13.76145,0,6100
2019-04-02T22:06:45.000Z,121.043533,13.761432999999998,0,6200
2019-04-02T22:37:08.000Z,121.0435,13.7615,0,6100
2019-04-02T23:13:41.000Z,121.043517,13.761383,0,6200
2019-04-02T23:53:07.000Z,121.043517,13.761467,0,6200
2019-04-03T00:36:41.000Z,121.0435,13.761417000000002,0,6200
2019-04-03T01:08:39.000Z,121.043413,13.761467,0,10600
2019-04-03T01:21:36.000Z,121.043533,13.76145,0,6200
2019-04-03T02:02:27.000Z,121.04355,13.761417000000002,0,6100
2019-04-03T02:05:36.000Z,121.043533,13.761417000000002,0,6100
2019-04-03T02:08:47.000Z,121.043533,13.761432999999998,0,6100
2019-04-03T02:15:10.000Z,121.043533,13.761467,0,6100
2019-04-03T02:21:35.000Z,121.0435,13.761417000000002,0,6200
2019-04-03T02:27:18.000Z,121.04355,13.76145,0,6200
2019-04-03T02:30:21.000Z,121.04355,13.761432999999998,0,6200
2019-04-03T02:33:57.000Z,121.043533,13.761432999999998,0,6200
2019-04-03T02:40:15.000Z,121.0435,13.76145,0,6200
2019-04-03T02:46:26.000Z,121.0435,13.761432999999998,0,10700
2019-04-03T02:52:46.000Z,121.04355,13.76145,0,6200
2019-04-03T02:59:06.000Z,121.043517,13.76145,0,6200
2019-04-03T03:02:07.000Z,121.043533,13.761467,0,6100
2019-04-03T03:05:17.000Z,121.043533,13.761467,0,10600
2019-04-03T03:08:27.000Z,121.043517,13.7615,0,10600
2019-04-03T03:14:46.000Z,121.0435,13.761467,0,6100
2019-04-03T03:21:06.000Z,121.043467,13.76145,0,6100
2019-04-03T03:25:04.000Z,121.043517,13.761467,0,6100
2019-04-03T03:30:27.000Z,121.04355,13.76145,0,6200
2019-04-03T03:33:36.000Z,121.043517,13.761467,0,6200
2019-04-03T03:39:56.000Z,121.043517,13.761467,0,6200
2019-04-03T03:46:07.000Z,121.043533,13.76145,0,6200
2019-04-03T03:47:26.000Z,121.04355,13.76145,0,6200
2019-04-03T03:52:27.000Z,121.043533,13.761467,0,6200
2019-04-03T03:58:57.000Z,121.0435,13.761467,0,6200
2019-04-03T04:05:07.000Z,121.0435,13.761432999999998,0,6200
2019-04-03T04:09:08.000Z,121.043517,13.76145,0,6100
2019-04-03T04:14:35.000Z,121.04355,13.761482999999998,0,6100
2019-04-03T04:20:56.000Z,121.043517,13.761467,0,6100
2019-04-03T04:24:06.000Z,121.043517,13.7615,0,6100
2019-04-03T04:27:17.000Z,121.0435,13.761467,0,6100
2019-04-03T04:36:57.000Z,121.043467,13.761482999999998,0,6200
2019-04-03T04:40:07.000Z,121.043517,13.761482999999998,0,6200
2019-04-03T04:43:16.000Z,121.0435,13.76145,0,10700
2019-04-03T04:46:27.000Z,121.0435,13.7615,0,10700
2019-04-03T04:52:47.000Z,121.0435,13.76145,0,10700
2019-04-03T04:55:56.000Z,121.043483,13.761467,0,10700
2019-04-03T05:00:47.000Z,121.0435,13.761467,0,10600
2019-04-03T05:05:11.000Z,121.043517,13.761467,0,10600
2019-04-03T05:09:06.000Z,121.043483,13.76145,0,6100
2019-04-03T05:15:25.000Z,121.04355,13.761432999999998,0,10700
2019-04-03T05:25:18.000Z,121.043567,13.761432999999998,0,6200
2019-04-03T05:28:06.000Z,121.043567,13.76145,0,6200
2019-04-03T05:31:15.000Z,121.043517,13.761432999999998,0,10700
2019-04-03T05:34:27.000Z,121.043617,13.761432999999998,0,6200
2019-04-03T05:40:46.000Z,121.043533,13.761432999999998,0,10700
2019-04-03T05:44:02.000Z,121.043533,13.76145,0,10700
2019-04-03T05:47:06.000Z,121.0436,13.761383,0,10700
2019-04-03T05:51:36.000Z,121.043533,13.7614,0,6200
2019-04-03T05:56:36.000Z,121.043517,13.761432999999998,0,6100
2019-04-03T05:59:56.000Z,121.04355,13.761417000000002,0,10600
2019-04-03T06:08:27.000Z,121.043517,13.761432999999998,0,6100
2019-04-03T06:11:37.000Z,121.043533,13.7615,0,6100
2019-04-03T06:14:46.000Z,121.043483,13.76145,0,6100
2019-04-03T06:21:07.000Z,121.043567,13.761482999999998,0,6100
2019-04-03T06:24:26.000Z,121.0435,13.761432999999998,0,6100
2019-04-03T06:27:27.000Z,121.043483,13.761467,0,6200
2019-04-03T06:30:36.000Z,121.0435,13.76145,0,6200
2019-04-03T06:36:56.000Z,121.043533,13.761482999999998,0,10700
2019-04-03T06:42:38.000Z,121.043533,13.761432999999998,0,6200
2019-04-03T06:46:22.000Z,121.043533,13.761432999999998,0,6200
2019-04-03T06:49:16.000Z,121.043567,13.761432999999998,0,6200
2019-04-03T06:55:37.000Z,121.04355,13.761467,0,10700
2019-04-03T07:04:26.000Z,121.043517,13.761467,0,6200
2019-04-03T07:07:56.000Z,121.0435,13.761482999999998,0,6100
2019-04-03T07:12:57.000Z,121.0435,13.761482999999998,0,6100
2019-04-03T07:16:07.000Z,121.043517,13.761467,0,6100
2019-04-03T07:21:56.000Z,121.0435,13.761482999999998,0,6100
2019-04-03T07:25:36.000Z,121.0435,13.761482999999998,0,6100
2019-04-03T07:32:58.000Z,121.043517,13.761467,0,6100
2019-04-03T07:40:22.000Z,121.0435,13.7615,0,6000
2019-04-03T07:45:06.000Z,121.043433,13.761482999999998,0,6000
2019-04-03T07:51:15.000Z,121.043583,13.761482999999998,0,6100
2019-04-03T07:54:46.000Z,121.043567,13.761482999999998,0,10600
2019-04-03T07:55:26.000Z,121.04355,13.761482999999998,0,10600
2019-04-03T08:02:18.000Z,121.043517,13.761482999999998,0,6200
2019-04-03T08:08:05.000Z,121.043533,13.7614,0,10800
2019-04-03T08:15:37.000Z,121.043517,13.761432999999998,0,6300
2019-04-03T08:18:55.000Z,121.04345,13.761467,0,6200
2019-04-03T08:22:17.000Z,121.043517,13.76145,0,10700
2019-04-03T08:25:36.000Z,121.0435,13.76145,0,6200
2019-04-03T08:28:57.000Z,121.043533,13.761467,0,6100
2019-04-03T08:33:16.000Z,121.0435,13.761432999999998,0,6100
2019-04-03T08:39:27.000Z,121.043517,13.761467,0,6100
2019-04-03T08:42:36.000Z,121.043533,13.761482999999998,0,10600
2019-04-03T08:45:45.000Z,121.043517,13.76155,0,6100
2019-04-03T08:48:55.000Z,121.043433,13.761517,0,6100
2019-04-03T08:55:17.000Z,121.04355,13.761467,0,6100
2019-04-03T08:58:27.000Z,121.043533,13.761467,0,6100
2019-04-03T09:01:37.000Z,121.043517,13.761482999999998,0,6100
2019-04-03T09:07:55.000Z,121.043517,13.76145,0,6100
2019-04-03T09:13:42.000Z,121.043533,13.761467,0,6100
2019-04-03T09:17:37.000Z,121.0435,13.76155,0,6200
2019-04-03T09:20:46.000Z,121.04355,13.761432999999998,0,6200
2019-04-03T09:26:57.000Z,121.043533,13.761467,0,10700
2019-04-03T09:30:05.000Z,121.043517,13.761517,0,10700
2019-04-03T09:33:06.000Z,121.04355,13.7614,0,10700
2019-04-03T09:36:17.000Z,121.0435,13.761482999999998,0,10700
2019-04-03T09:43:26.000Z,121.0436,13.761467,0,6200
2019-04-03T09:46:27.000Z,121.04355,13.76145,0,6200
2019-04-03T09:49:36.000Z,121.043517,13.761482999999998,0,6100
2019-04-03T09:52:37.000Z,121.0435,13.761467,0,6100
2019-04-03T09:59:06.000Z,121.0435,13.761467,0,6200
2019-04-03T10:02:07.000Z,121.0435,13.761467,0,6200
2019-04-03T10:05:16.000Z,121.04355,13.761482999999998,0,6200
2019-04-03T10:08:27.000Z,121.043483,13.7615,0,6200
2019-04-03T10:11:37.000Z,121.04355,13.761417000000002,0,6200
2019-04-03T10:17:56.000Z,121.043483,13.7615,0,6200
2019-04-03T10:22:25.000Z,121.043567,13.76145,0,6200
2019-04-03T10:27:17.000Z,121.04345,13.761467,0,6200
2019-04-03T11:00:46.000Z,121.043533,13.7615,0,6100
2019-04-03T11:39:56.000Z,121.043533,13.761432999999998,0,6200
2019-04-03T12:19:46.000Z,121.04355,13.761482999999998,0,6200
2019-04-03T12:59:06.000Z,121.0435,13.761417000000002,0,6200
2019-04-03T13:37:13.000Z,121.043547,13.761467,0,10700
2019-04-03T13:37:57.000Z,121.043533,13.761482999999998,0,6200
2019-04-03T14:20:17.000Z,121.043533,13.761467,0,6100
2019-04-03T14:50:49.000Z,121.0435,13.76145,0,6100
2019-04-03T15:31:07.000Z,121.043483,13.761417000000002,0,6200
2019-04-03T16:11:16.000Z,121.043467,13.76145,0,10700
2019-04-03T16:49:07.000Z,121.043517,13.761482999999998,0,10600
2019-04-03T17:27:55.000Z,121.043533,13.761517,0,6100
2019-04-03T18:08:46.000Z,121.043433,13.76145,0,10600
2019-04-03T18:49:37.000Z,121.043533,13.761417000000002,0,6100
2019-04-03T19:30:28.000Z,121.04345,13.761517,0,6100
2019-04-03T20:09:46.000Z,121.043483,13.761432999999998,0,6200
2019-04-03T20:58:45.000Z,121.03258999999998,13.755322,6,20990
2019-04-03T21:12:31.000Z,121.007307,13.730743,15,22730
2019-04-03T21:17:49.000Z,120.997792,13.721573,16,22300
2019-04-03T21:35:59.000Z,120.989982,13.673375,19,18100
2019-04-03T21:38:31.000Z,120.989782,13.666007999999998,19,18270
2019-04-03T21:51:32.000Z,120.988178,13.634227,17,18810
2019-04-03T22:04:26.000Z,120.959057,13.605,21,24790
2019-04-03T22:07:24.000Z,120.949857,13.601652,21,24940
2019-04-03T22:14:13.000Z,120.92874,13.598633,19,27000
2019-04-03T22:23:04.000Z,120.901973,13.598332999999998,18,27000
2019-04-03T22:32:07.000Z,120.876222,13.598768,19,27110
2019-04-03T22:42:34.000Z,120.844417,13.600283,19,27050
2019-04-03T22:57:44.000Z,120.79718,13.599915,20,26890
2019-04-03T23:31:43.000Z,120.69926,13.639722,20,30190
2019-04-03T23:46:54.000Z,120.659608,13.665888,20,30530
2019-04-03T23:55:27.000Z,120.638205,13.681257999999998,20,30630
2019-04-04T00:04:23.000Z,120.624922,13.691107999999998,20,30730
2019-04-04T00:16:43.000Z,120.584772,13.720625,20,30640
2019-04-04T00:20:32.000Z,120.574822,13.727675,20,30590
2019-04-04T00:33:45.000Z,120.53967,13.750175,20,30120
2019-04-04T00:38:45.000Z,120.525922,13.758223,21,30090
2019-04-04T00:46:17.000Z,120.50312,13.769787,21,29700
2019-04-04T00:52:33.000Z,120.485222,13.778907,21,29800
2019-04-04T00:58:24.000Z,120.471007,13.79086,20,31590
2019-04-04T01:06:03.000Z,120.459915,13.811028,19,34880
2019-04-04T01:09:04.000Z,120.459802,13.819843,19,630
2019-04-04T01:15:23.000Z,120.463707,13.837707,19,1270
2019-04-04T01:25:33.000Z,120.464898,13.866792000000002,19,35270
2019-04-04T01:58:04.000Z,120.454382,13.961462,19,35570
2019-04-04T02:10:48.000Z,120.451813,13.9988,19,35630
2019-04-04T02:15:14.000Z,120.45101499999998,14.011712,19,35630
2019-04-04T02:30:54.000Z,120.453002,14.058562,20,480
2019-04-04T02:39:35.000Z,120.454827,14.084773,19,370
2019-04-04T02:47:23.000Z,120.455833,14.10821,19,70
2019-04-04T03:03:44.000Z,120.456435,14.156377,19,140
2019-04-04T03:20:04.000Z,120.461718,14.203877,19,660
2019-04-04T05:10:02.000Z,120.63092,14.426267,18,7200
2019-04-04T05:28:55.000Z,120.677585,14.455485,18,4670
2019-04-04T05:53:23.000Z,120.717052,14.513753,19,3860
2019-04-04T05:56:54.000Z,120.721917,14.522353,18,1870
2019-04-04T06:09:13.000Z,120.738968,14.553268,18,3660
2019-04-04T06:22:46.000Z,120.763888,14.571818,15,6930
2019-04-04T06:30:03.000Z,120.778773,14.5772,10,7000
2019-04-04T06:48:37.000Z,120.815568,14.588595000000002,14,7200
2019-04-04T07:03:23.000Z,120.841588,14.59694,9,7200
2019-04-04T07:11:03.000Z,120.851815,14.59982,7,7410
2019-04-04T07:18:53.000Z,120.858907,14.601551999999998,3,7290
2019-04-04T07:29:34.000Z,120.859365,14.6026,0,31740
2019-04-04T08:01:33.000Z,120.858633,14.60345,0,29200
2019-04-04T08:33:26.000Z,120.85865,14.6035,0,25490
2019-04-04T09:27:36.000Z,120.858533,14.60345,0,14200
2019-04-04T10:21:25.000Z,120.8585,14.603383,0,27090
