,loadingOrder,carrierName
38,AO728878937657,BHSOUA
7,CW649333921274,BHSOUA
6,QV709607107155,ENSBXC
10,OX545437200450,FGPEPT
45,KQ615773456001,FGPEPT
0,BO107679254179,JCMFTA
31,ZH138591721780,JCMFTA
21,EC786513995417,JCMFTA
33,UY281339684437,JCMFTA
35,RS836751018240,JCMFTA
16,HY205161871937,JCMFTA
15,BM359067274733,JCMFTA
43,LD333686772251,JCMFTA
48,SQ723468717501,JCMFTA
49,IJ398640055163,JCMFTA
4,SN853883546984,JCMFTA
50,BY432524126158,JCMFTA
2,FN659046828438,JCMFTA
1,NX162932328607,JCMFTA
39,FN144236140995,KJIHXD
42,TO482952802220,OIEQNT
47,DQ160134003853,OIEQNT
37,KJ669162413593,OIEQNT
28,BP793435566760,OIEQNT
54,JS518881075161,OIEQNT
27,FQ907387689306,OIEQNT
19,YB959900670085,OIEQNT
9,PQ436051428125,OIEQNT
8,NZ174727528765,OIEQNT
13,KS317152073858,OYSCFP
32,VI266713810320,OYSCFP
41,QE419682634161,RWHZVZ
25,GM971550996284,RWHZVZ
14,AL125431780789,RWHZVZ
52,EQ233506699972,RWHZVZ
26,VY579277978128,RWHZVZ
34,JU871065317327,RWHZVZ
20,ZB808219652664,RWHZVZ
29,GX533191673753,RWHZVZ
23,OJ836169031082,RWHZVZ
24,TP438354402835,RWHZVZ
46,VF844046470607,RWHZVZ
11,QH715646577923,RWHZVZ
30,UH212875423918,UCQOQO
5,BS927750082184,UQCRKD
53,NK280103540866,UQCRKD
40,BF280687850419,UQCRKD
18,BD302573893054,UQCRKD
36,NT710254629304,UQCRKD
22,EE984852702079,UQCRKD
12,ET171703938246,VRFMKJ
17,KY951318920009,VRFMKJ
3,QP660155185711,VRFMKJ
51,FP973268342505,VRFMKJ
44,XV896818840217,VRFMKJ
55,DU509273225388,VRFMKJ
